# Nutation series terms (NUT_B). 10 rows x 5 fields, flattened in order.
# angle,rate,quad,coef_a,coef_b
2.1824,-33.75705,36e-6,-1720.0,920.0
3.5069,1256.66393,11e-6,-132.0,57.0
1.3375,16799.4182,-51e-6,-23.0,10.0
4.3649,-67.5141,72e-6,21.0,-9.0
0.04,-628.302,0.0,-14.0,0.0
2.36,8328.691,0.0,7.0,0.0
3.46,1884.966,0.0,-5.0,2.0
5.44,16833.175,0.0,-4.0,2.0
3.69,25128.110,0.0,-3.0,0.0
3.55,628.362,0.0,2.0,0.0
