# New-moon (shuo) calibration table (SHUO_KB). Rows of (julian_day,step);
# the final short row is the terminal julian_day. Flattened in order.
1457698.231017,29.53067166
1546082.512234,29.53085106
1640640.735300,29.53060000
1642472.151543,29.53085439
1683430.509300,29.53086148
1752148.041079,29.53085097
1807665.420323,29.53059851
1883618.114100,29.53060000
1907360.704700,29.53060000
1936596.224900,29.53060000
1939135.675300,29.53060000
1947168.00
